Price,Close,High,Low,Open,Volume,RSI,MACD,SMA_50
2025-03-28 03:45:00+00:00,1810.949951171875,1836.0,1809.699951171875,1830.25,0.0,48.97969380811823,7.821720868248121,1791.7630004882812
2025-03-28 04:45:00+00:00,1809.800048828125,1819.050048828125,1806.0,1811.0,2700973.0,48.22564974662355,6.350192681449698,1793.2460009765625
2025-03-28 05:45:00+00:00,1814.699951171875,1816.3499755859373,1808.550048828125,1809.699951171875,776443.0,51.64198345717638,5.5157945148675935,1794.5410009765626
2025-03-28 06:45:00+00:00,1815.699951171875,1816.800048828125,1809.4000244140625,1814.75,890645.0,52.33327022749795,4.878977780196465,1795.9639990234375
2025-03-28 07:45:00+00:00,1828.949951171875,1829.3499755859373,1815.199951171875,1815.800048828125,1461127.0,60.40907754519783,5.38142646066558,1797.6139990234376
2025-03-28 08:45:00+00:00,1829.1500244140625,1834.25,1826.949951171875,1828.9000244140625,4160987.0,60.51785256517683,5.7297162956158445,1799.2580004882811
2025-03-28 09:45:00+00:00,1826.0,1829.75,1824.550048828125,1829.050048828125,1775340.0,57.824133632540075,5.686013035886617,1800.9010009765625
2025-04-01 03:45:00+00:00,1797.9000244140625,1809.800048828125,1797.800048828125,1807.6500244140625,0.0,40.50421924205387,3.3453812268403453,1801.9830004882813
2025-04-01 04:45:00+00:00,1774.3499755859375,1798.0999755859375,1773.3499755859375,1797.9000244140625,2342020.0,31.884599214778305,-0.40520748991912114,1802.4280004882812
2025-04-01 05:45:00+00:00,1772.550048828125,1779.25,1769.4000244140625,1774.1500244140625,1268583.0,31.335721920247934,-3.4826690750130638,1802.7990014648437
2025-04-01 06:45:00+00:00,1773.0999755859375,1776.6500244140625,1769.800048828125,1772.699951171875,969922.0,31.722451086785725,-5.810228363850683,1803.2240014648437
2025-04-01 07:45:00+00:00,1770.550048828125,1774.800048828125,1769.3499755859375,1773.0999755859375,1153004.0,30.85468101531133,-7.771014233348524,1803.397001953125
2025-04-01 08:45:00+00:00,1767.800048828125,1773.5999755859375,1765.699951171875,1770.5999755859375,3413656.0,29.90458948359415,-9.438057131292908,1803.41400390625
2025-04-01 09:45:00+00:00,1770.4000244140625,1770.4000244140625,1765.6500244140625,1767.8499755859375,1539151.0,32.035417028256845,-10.429183205376376,1803.4760034179687
2025-04-02 03:45:00+00:00,1792.4000244140625,1795.0,1774.050048828125,1777.550048828125,0.0,46.77838340060041,-9.331869637146838,1803.96400390625
2025-04-02 04:45:00+00:00,1791.199951171875,1795.949951171875,1789.550048828125,1792.4000244140625,826150.0,46.18978655689088,-8.461537275236424,1804.517001953125
2025-04-02 05:45:00+00:00,1792.1500244140625,1795.5,1788.050048828125,1791.050048828125,523463.0,46.760919594370314,-7.6074358524228956,1804.9950024414063
2025-04-02 06:45:00+00:00,1792.6500244140625,1793.5999755859375,1787.4000244140625,1792.1500244140625,442608.0,47.07926314191102,-6.811687605461884,1805.5200024414062
2025-04-02 07:45:00+00:00,1792.050048828125,1793.5,1790.5,1792.9000244140625,512293.0,46.7182687092691,-6.158473354949365,1806.0800024414064
2025-04-02 08:45:00+00:00,1798.5,1799.0,1788.5,1792.050048828125,1374080.0,51.06256632398046,-5.061987756307872,1806.7810034179688
2025-04-02 09:45:00+00:00,1796.9000244140625,1799.0,1796.6500244140625,1798.699951171875,663257.0,49.97406850817309,-4.27286475275946,1807.3230029296874
2025-04-03 03:45:00+00:00,1796.6500244140625,1799.699951171875,1777.5,1784.5,0.0,49.79545021973527,-3.6258553938228033,1807.8160034179687
2025-04-03 04:45:00+00:00,1798.449951171875,1798.9000244140625,1792.449951171875,1796.6500244140625,405846.0,51.14924247825152,-2.934035039117134,1807.9030029296875
2025-04-03 05:45:00+00:00,1798.300048828125,1804.0,1796.699951171875,1798.449951171875,542068.0,51.025836172071806,-2.3705322696710027,1807.9110034179687
2025-04-03 06:45:00+00:00,1793.300048828125,1799.0,1791.8499755859375,1798.300048828125,832534.0,46.956357196377425,-2.3008872819893895,1807.8450048828124
2025-04-03 07:45:00+00:00,1791.3499755859375,1794.6500244140625,1790.0,1793.449951171875,693487.0,45.434411394120794,-2.3756625812509355,1807.7450048828125
2025-04-03 08:45:00+00:00,1795.0999755859375,1798.4000244140625,1791.050048828125,1791.3499755859375,1223774.0,48.86662475990607,-2.108028840430279,1807.6670043945312
2025-04-03 09:45:00+00:00,1793.0999755859375,1797.1500244140625,1792.5,1795.25,739387.0,47.16274887963777,-2.0338653245116802,1807.5530029296874
2025-04-04 03:45:00+00:00,1830.800048828125,1841.550048828125,1811.25,1816.449951171875,168254.0,69.06157085097685,1.0548311967329482,1808.16900390625
2025-04-04 04:45:00+00:00,1827.75,1835.0,1818.75,1830.9000244140625,2101469.0,66.65465822494977,3.219420516869377,1808.0860034179686
2025-04-04 05:45:00+00:00,1827.6500244140625,1830.800048828125,1823.9000244140625,1828.199951171875,1975242.0,66.57275664819781,4.87066001705125,1808.03900390625
2025-04-04 06:45:00+00:00,1820.5,1828.699951171875,1820.0999755859373,1827.6500244140625,1235699.0,60.81721094922644,5.538487763170906,1807.6510034179687
2025-04-04 07:45:00+00:00,1824.5999755859373,1824.800048828125,1816.9000244140625,1820.449951171875,2146052.0,62.80310069923108,6.325661539627845,1807.372001953125
2025-04-04 08:45:00+00:00,1817.3499755859373,1825.0,1815.25,1824.5,2606162.0,57.27511190653043,6.291958241528846,1807.0990014648437
2025-04-04 09:45:00+00:00,1816.0,1818.699951171875,1816.0,1817.3499755859373,914288.0,56.281707855910824,6.086158935689582,1806.9940014648437
2025-04-07 03:45:00+00:00,1759.3499755859375,1779.699951171875,1755.0,1755.5,0.0,31.551145825790456,1.336471960070412,1805.857001953125
2025-04-07 04:45:00+00:00,1753.5,1770.25,1753.1500244140625,1759.8499755859375,2118165.0,30.081202638885912,-2.8666879332110966,1804.4990014648438
2025-04-07 05:45:00+00:00,1746.9000244140625,1759.300048828125,1746.699951171875,1753.5,1442478.0,28.46966403030062,-6.653586894253522,1803.0580029296875
2025-04-07 06:45:00+00:00,1744.1500244140625,1748.8499755859375,1738.25,1746.9000244140625,1760540.0,27.80134117267899,-9.764079392001804,1801.5910034179688
2025-04-07 07:45:00+00:00,1747.199951171875,1754.550048828125,1738.9000244140625,1744.300048828125,1373571.0,29.770430325682455,-11.84650437802452,1800.3710034179687
2025-04-07 08:45:00+00:00,1758.5999755859375,1763.3499755859375,1745.3499755859375,1746.800048828125,3403377.0,36.71777786939856,-12.433627369621263,1799.4150024414062
2025-04-07 09:45:00+00:00,1757.699951171875,1764.449951171875,1755.699951171875,1758.949951171875,1470004.0,36.411531354959045,-12.823727075616262,1798.4110009765625
2025-04-08 03:45:00+00:00,1761.949951171875,1779.0,1761.5,1768.5,0.0,38.99886252586637,-12.644190069480373,1797.5189990234376
2025-04-08 04:45:00+00:00,1762.4000244140625,1767.050048828125,1754.25,1762.0,2214464.0,39.28062289614163,-12.323530560230665,1796.2580004882811
2025-04-08 05:45:00+00:00,1768.699951171875,1769.550048828125,1750.4000244140625,1762.050048828125,1440108.0,43.233140683209825,-11.429304245406456,1795.0980004882813
2025-04-08 06:45:00+00:00,1781.8499755859375,1782.0,1766.699951171875,1768.550048828125,2106773.0,50.479316943524466,-9.549446304802132,1794.1089990234375
2025-04-08 07:45:00+00:00,1775.0,1781.9000244140625,1766.3499755859375,1781.800048828125,2527429.0,47.10614311714044,-8.514234331927355,1792.8969995117188
2025-04-08 08:45:00+00:00,1767.699951171875,1781.800048828125,1767.6500244140625,1775.75,3391286.0,43.75083058316204,-8.188482586398095,1791.5159985351563
2025-04-08 09:45:00+00:00,1769.9000244140625,1773.699951171875,1766.550048828125,1767.75,1704850.0,45.0218197537859,-7.664443523299951,1790.497998046875
2025-04-09 03:45:00+00:00,1767.3499755859375,1773.6500244140625,1761.25,1769.300048828125,0.0,43.78682466922025,-7.369950220571354,1789.417998046875
2025-04-09 04:45:00+00:00,1756.1500244140625,1772.3499755859375,1754.300048828125,1767.300048828125,1340878.0,38.758109004990764,-7.948677211112454,1788.3219995117188
2025-04-09 05:45:00+00:00,1757.0,1762.199951171875,1755.449951171875,1756.1500244140625,992984.0,39.32759083743429,-8.243708257118215,1787.2659985351563
2025-04-09 06:45:00+00:00,1757.3499755859375,1760.0,1753.5,1757.199951171875,1603400.0,39.576735420238606,-8.352994263434312,1786.1189990234375
2025-04-09 07:45:00+00:00,1757.5999755859375,1759.9000244140625,1753.9000244140625,1757.1500244140625,1315791.0,39.767010350340435,-8.323483365095854,1784.9569995117188
2025-04-09 08:45:00+00:00,1765.3499755859375,1765.4000244140625,1757.300048828125,1757.800048828125,2236143.0,45.49688458613497,-7.587274161382311,1783.685
2025-04-09 09:45:00+00:00,1765.5999755859375,1767.0999755859375,1765.0,1765.300048828125,939022.0,45.676408428481345,-6.904064395949717,1782.4139990234376
2025-04-11 03:45:00+00:00,1801.8499755859373,1806.6500244140625,1780.300048828125,1780.300048828125,0.0,64.12730566678566,-3.3983694014264074,1781.9309985351563
2025-04-11 04:45:00+00:00,1802.199951171875,1805.8499755859373,1799.300048828125,1801.9000244140625,1510837.0,64.25353970626375,-0.5850961321787054,1782.0169970703125
2025-04-11 05:45:00+00:00,1815.949951171875,1816.699951171875,1800.5999755859375,1802.199951171875,1785524.0,68.8860580915024,2.7225692056326807,1782.8489965820313
2025-04-11 06:45:00+00:00,1816.1500244140625,1819.4000244140625,1813.8499755859373,1816.0,1436628.0,68.94911448003039,5.298978726592395,1783.72099609375
2025-04-11 07:45:00+00:00,1808.9000244140625,1817.199951171875,1808.0999755859373,1816.199951171875,1261955.0,63.895759858125196,6.678798394277692,1784.4369970703126
2025-04-11 08:45:00+00:00,1805.9000244140625,1810.0,1801.550048828125,1808.9000244140625,3320427.0,61.87491204185288,7.444425787543651,1785.1439965820311
2025-04-11 09:45:00+00:00,1806.75,1808.0,1804.0999755859373,1806.0999755859373,1183310.0,62.23930620810366,8.027243868467394,1785.9229956054687
2025-04-15 03:45:00+00:00,1871.9000244140625,1876.5,1857.300048828125,1857.699951171875,0.0,78.89234219764873,13.589542103150734,1787.9529956054687
2025-04-15 04:45:00+00:00,1868.9000244140625,1872.800048828125,1866.800048828125,1872.0,1305210.0,77.20390816933079,17.553285254505226,1789.4829956054687
2025-04-15 05:45:00+00:00,1871.5999755859373,1875.0,1868.5,1869.0,1272781.0,77.6671551882647,20.67412530697493,1791.09099609375
2025-04-15 06:45:00+00:00,1868.9000244140625,1872.0,1867.300048828125,1871.0999755859373,2456103.0,76.00384786822093,22.668244624322142,1792.62599609375
2025-04-15 07:45:00+00:00,1867.0,1870.0,1866.0,1868.800048828125,1909196.0,74.78999359509054,23.82069234563096,1794.1129956054688
2025-04-15 08:45:00+00:00,1864.5,1867.0999755859373,1862.5,1866.9000244140625,5623225.0,73.13490523208124,24.25271614613621,1795.5619946289062
2025-04-15 09:45:00+00:00,1864.9000244140625,1870.0,1863.800048828125,1864.5,0.0,73.23696257634771,24.34672288160118,1796.8899951171875
2025-04-16 03:45:00+00:00,1874.0,1881.699951171875,1869.0,1877.0999755859373,3678920.0,75.51564098755223,24.86884332927275,1798.4319946289063
2025-04-16 04:45:00+00:00,1863.9000244140625,1875.4000244140625,1861.4000244140625,1874.0,935824.0,68.5404024120024,24.188810375957473,1799.7769946289063
2025-04-16 05:45:00+00:00,1862.800048828125,1866.300048828125,1860.5,1864.0,743708.0,67.80582668429065,23.292617726180424,1801.0639965820312
2025-04-16 06:45:00+00:00,1868.0,1868.5999755859373,1861.0,1863.0,666171.0,69.47152351167692,22.739840470394256,1802.4579956054688
2025-04-16 07:45:00+00:00,1878.800048828125,1879.0,1861.800048828125,1868.0,857575.0,72.63800907362432,22.909151752344997,1804.1679956054688
2025-04-16 08:45:00+00:00,1877.199951171875,1879.9000244140625,1875.4000244140625,1878.9000244140625,1759841.0,71.4554758538663,22.65308696930242,1805.8849951171876
2025-04-16 09:45:00+00:00,1878.0,1879.4000244140625,1875.300048828125,1877.300048828125,925254.0,71.70352426742379,22.25813313446929,1807.5429956054688
2025-04-17 03:45:00+00:00,1890.0,1897.699951171875,1877.5999755859373,1879.5999755859373,0.0,75.18650464557203,22.652307387697192,1809.48099609375
2025-04-17 04:45:00+00:00,1886.699951171875,1894.5999755859373,1884.199951171875,1890.0,1471826.0,72.54207241884112,22.439735658065956,1810.598994140625
2025-04-17 05:45:00+00:00,1901.5,1902.4000244140625,1885.4000244140625,1886.699951171875,2732199.0,76.52910403856711,23.19809804811348,1812.073994140625
2025-04-17 06:45:00+00:00,1914.0,1914.199951171875,1900.199951171875,1901.4000244140625,2588742.0,79.26732679310196,24.5250418232431,1813.8009936523438
2025-04-17 07:45:00+00:00,1913.5,1919.699951171875,1909.0,1914.0,2976985.0,78.87095668948018,25.24529644110021,1815.6609936523437
2025-04-17 08:45:00+00:00,1904.0999755859373,1914.9000244140625,1902.0,1913.5,3350895.0,71.62016155251169,24.77204330877089,1817.2509936523438
2025-04-17 09:45:00+00:00,1906.0,1909.0,1903.5,1904.0999755859373,916157.0,72.1769473978305,24.27052735141524,1819.023994140625
2025-04-21 03:45:00+00:00,1926.4000244140625,1950.199951171875,1915.0,1915.0,0.0,77.3215112991425,25.22836691242742,1821.2319946289062
2025-04-21 04:45:00+00:00,1926.4000244140625,1927.5,1914.800048828125,1926.0999755859373,2076094.0,77.3215112991425,25.691308256098637,1824.5729956054688
2025-04-21 05:45:00+00:00,1928.5999755859373,1932.0,1921.4000244140625,1926.4000244140625,1925183.0,77.83411367200341,25.9367278267473,1828.0749951171874
2025-04-21 06:45:00+00:00,1930.300048828125,1931.4000244140625,1927.199951171875,1928.300048828125,1262730.0,78.24337184888569,25.969051249546965,1831.7429956054686
2025-04-21 07:45:00+00:00,1929.199951171875,1930.699951171875,1924.4000244140625,1929.699951171875,1476502.0,77.24944161082529,25.61067518657478,1835.443994140625
2025-04-21 08:45:00+00:00,1925.199951171875,1930.199951171875,1924.5,1929.199951171875,1970343.0,73.58899037811386,24.71894835448461,1839.003994140625
2025-04-21 09:45:00+00:00,1925.199951171875,1929.4000244140625,1925.0,1925.4000244140625,752374.0,73.58899037811386,23.738604558921452,1842.3359936523439
2025-04-22 03:45:00+00:00,1964.5,1966.300048828125,1939.199951171875,1939.4000244140625,0.0,82.84927347508892,25.835050157701744,1846.4719946289063
2025-04-22 04:45:00+00:00,1966.0999755859373,1970.5,1961.5,1964.5999755859373,3401262.0,83.1089312546728,27.31078136978158,1850.5549951171874
2025-04-22 05:45:00+00:00,1953.5999755859373,1966.9000244140625,1951.0,1966.5999755859373,2841561.0,73.71867050785816,27.15859606449044,1854.378994140625
2025-04-22 06:45:00+00:00,1960.5999755859373,1963.300048828125,1950.300048828125,1953.0999755859373,2774894.0,75.39524086264316,27.288267451347792,1858.2169946289061
2025-04-22 07:45:00+00:00,1961.0,1965.0,1958.0,1961.0,2424685.0,75.49146078881991,27.11079521537704,1861.7999951171876
2025-04-22 08:45:00+00:00,1961.0,1963.5,1956.4000244140625,1961.5,3167859.0,75.49146078881991,26.66279508502521,1865.5199951171876
2025-04-22 09:45:00+00:00,1956.4000244140625,1963.300048828125,1956.4000244140625,1960.9000244140625,1198593.0,71.7494677042993,25.64099869587085,1869.2939965820312
2025-04-23 03:45:00+00:00,1937.4000244140625,1976.699951171875,1937.0,1976.5,0.0,58.78745193094984,23.032571340312643,1872.6439965820311
2025-04-23 04:45:00+00:00,1929.0,1941.5999755859373,1928.5999755859373,1937.4000244140625,2682131.0,54.13143024018441,20.056364811157437,1875.8769970703124
2025-04-23 05:45:00+00:00,1926.800048828125,1934.4000244140625,1925.9000244140625,1929.0,1660706.0,52.94865435243254,17.320521826613685,1879.2899975585938
2025-04-23 06:45:00+00:00,1925.300048828125,1931.5999755859373,1923.5,1926.800048828125,963966.0,52.112554354873105,14.86001211705252,1882.6559985351562
2025-04-23 07:45:00+00:00,1928.199951171875,1930.800048828125,1924.0999755859373,1925.4000244140625,1188718.0,53.636795014039755,12.994248718270683,1886.072998046875
2025-04-23 08:45:00+00:00,1925.800048828125,1928.0999755859373,1922.9000244140625,1928.0,2659996.0,52.15720609550575,11.192940469942641,1889.4369995117188
2025-04-23 09:45:00+00:00,1921.300048828125,1925.9000244140625,1920.5,1925.800048828125,1238814.0,49.405169098676225,9.295129842677852,1892.5560009765625
2025-04-24 03:45:00+00:00,1917.4000244140625,1923.9000244140625,1907.5,1907.9000244140625,3436318.0,47.08631131776534,7.391200710306521,1895.592001953125
2025-04-24 04:45:00+00:00,1918.300048828125,1919.9000244140625,1913.199951171875,1917.5,1005753.0,47.69641664213677,5.887084953470094,1897.9210034179687
2025-04-24 05:45:00+00:00,1920.300048828125,1921.800048828125,1916.0,1918.0,869517.0,49.10087064328189,4.801101554769502,1900.2830053710939
2025-04-24 06:45:00+00:00,1918.5,1921.0,1916.199951171875,1920.699951171875,1063013.0,47.85536504753073,3.7519528138884652,1902.3340063476562
2025-04-24 07:45:00+00:00,1921.199951171875,1922.199951171875,1916.9000244140625,1918.4000244140625,1078035.0,49.90786129632515,3.1025936053833902,1904.4350048828126
2025-04-24 08:45:00+00:00,1917.300048828125,1922.800048828125,1915.9000244140625,1921.300048828125,3742309.0,47.028373734530305,2.247375877789409,1906.6030053710938
2025-04-24 09:45:00+00:00,1916.800048828125,1917.699951171875,1911.5999755859373,1917.300048828125,1770037.0,46.6567005520611,1.511836337620025,1908.821005859375
2025-04-25 03:45:00+00:00,1911.0,1933.0,1909.9000244140625,1918.199951171875,0.0,42.464222734869054,0.4556480581768483,1910.906005859375
2025-04-25 04:45:00+00:00,1903.0999755859373,1918.5999755859373,1902.0,1910.5999755859373,939198.0,37.51896363500194,-1.0072438297816007,1911.5300048828126
2025-04-25 05:45:00+00:00,1897.0999755859373,1905.699951171875,1892.5,1904.199951171875,1205208.0,34.25601517264592,-2.6205381143097384,1912.09400390625
2025-04-25 06:45:00+00:00,1908.0,1909.9000244140625,1896.0999755859373,1897.0,795563.0,43.81554357376989,-2.9851338185667373,1912.8220043945312
2025-04-25 07:45:00+00:00,1914.0,1920.0,1906.800048828125,1908.0,770852.0,48.27412547899512,-2.7581346259642032,1913.72400390625
2025-04-25 08:45:00+00:00,1912.199951171875,1917.5,1907.300048828125,1914.0,1898839.0,47.06737287983608,-2.692448160772983,1914.6280029296875
2025-04-25 09:45:00+00:00,1908.0,1912.300048828125,1907.300048828125,1912.300048828125,1035144.0,44.28566429802713,-2.9453400759919077,1915.4980029296876
2025-04-28 03:45:00+00:00,1926.5,1928.800048828125,1909.699951171875,1911.300048828125,0.0,56.48514585059247,-1.6341261625480001,1916.7300024414062
2025-04-28 04:45:00+00:00,1922.5999755859373,1929.5999755859373,1921.5999755859373,1926.5,1056273.0,53.81017471094882,-0.8993123527088756,1917.702001953125
2025-04-28 05:45:00+00:00,1922.4000244140625,1926.800048828125,1918.4000244140625,1922.800048828125,867560.0,53.669842786536975,-0.3293054743498942,1918.872001953125
2025-04-28 06:45:00+00:00,1925.0,1926.699951171875,1921.5,1923.0,548197.0,55.30217470165705,0.32843934004449693,1920.1160009765624
2025-04-28 07:45:00+00:00,1926.300048828125,1926.9000244140625,1921.800048828125,1925.0,621459.0,56.13440552182777,0.9437311741921803,1921.282001953125
2025-04-28 08:45:00+00:00,1919.9000244140625,1927.0,1915.800048828125,1925.800048828125,1300760.0,51.09116313989653,0.9044993966995207,1922.1040014648438
2025-04-28 09:45:00+00:00,1921.699951171875,1922.0,1919.300048828125,1919.800048828125,547569.0,52.38674968452092,1.0070384645669037,1922.9940014648437
2025-04-29 03:45:00+00:00,1907.9000244140625,1928.699951171875,1903.800048828125,1917.0,0.0,42.98510706254427,-0.024949738890200024,1923.592001953125
2025-04-29 04:45:00+00:00,1905.199951171875,1909.5,1900.199951171875,1908.0,889472.0,41.418847476826414,-1.048593635689258,1923.8960009765624
2025-04-29 05:45:00+00:00,1902.5999755859373,1907.699951171875,1902.5999755859373,1904.699951171875,673543.0,39.91080148458414,-2.046049514558945,1924.2140014648437
2025-04-29 06:45:00+00:00,1907.699951171875,1908.0,1901.4000244140625,1902.5999755859373,1026344.0,44.20236806899699,-2.3973795778772455,1924.3380004882813
2025-04-29 07:45:00+00:00,1905.199951171875,1908.0,1904.800048828125,1907.699951171875,907692.0,42.596357132983854,-2.844747808934244,1924.1619995117187
2025-04-29 08:45:00+00:00,1910.0,1911.800048828125,1905.0,1905.0,2542411.0,46.607546537054205,-2.7799213277871786,1924.0919995117188
2025-04-29 09:45:00+00:00,1908.800048828125,1911.300048828125,1903.5999755859373,1909.9000244140625,1173512.0,45.746952201420505,-2.7931739351545275,1924.1860009765626
2025-04-30 03:45:00+00:00,1929.9000244140625,1936.9000244140625,1911.9000244140625,1911.9000244140625,0.0,59.80241777064427,-1.0885370544681336,1924.6640014648438
2025-04-30 04:45:00+00:00,1924.0999755859373,1932.5999755859373,1920.4000244140625,1929.800048828125,1249263.0,55.54268508749659,-0.20327231595206285,1924.6180004882813
2025-04-30 05:45:00+00:00,1921.9000244140625,1926.0,1920.5999755859373,1924.0999755859373,895255.0,53.972319528905885,0.31713298189197303,1924.5280004882814
2025-04-30 06:45:00+00:00,1926.5,1929.699951171875,1921.5999755859373,1921.9000244140625,760528.0,56.727279295348744,1.0881934986605302,1924.4860009765625
2025-04-30 07:45:00+00:00,1924.0,1929.0,1923.0,1926.5,930361.0,54.80726925099887,1.480469476200824,1924.36
2025-04-30 08:45:00+00:00,1929.0,1930.199951171875,1921.199951171875,1924.300048828125,4932273.0,57.87795697193675,2.1697971568810317,1924.3560009765624
2025-04-30 09:45:00+00:00,1925.0,1929.0999755859373,1918.9000244140625,1929.0999755859373,4018481.0,54.6772326899613,2.3660533493584808,1924.352001953125
2025-05-02 03:45:00+00:00,1937.5999755859373,1940.800048828125,1929.199951171875,1929.199951171875,0.0,61.8366261320443,3.4979780101566575,1924.6000024414063
2025-05-02 04:45:00+00:00,1932.699951171875,1938.5,1930.300048828125,1937.800048828125,1610543.0,57.999572855631854,3.9540654349007127,1923.9640014648437
2025-05-02 05:45:00+00:00,1926.4000244140625,1934.800048828125,1925.9000244140625,1932.4000244140625,1112277.0,53.410736700074445,3.76378005269612,1923.1700024414063
2025-05-02 06:45:00+00:00,1927.0,1929.5,1923.0999755859373,1926.4000244140625,1055805.0,53.78574122631274,3.619665283719769,1922.6380029296874
2025-05-02 07:45:00+00:00,1931.5999755859373,1935.0,1926.9000244140625,1927.0999755859373,1185558.0,56.665717489464946,3.8324547247532337,1922.0580029296875
2025-05-02 08:45:00+00:00,1926.699951171875,1932.699951171875,1920.0,1931.300048828125,2098183.0,52.88501137932126,3.5646102626208176,1921.372001953125
2025-05-02 09:45:00+00:00,1923.0,1927.5999755859373,1922.199951171875,1927.0,962029.0,50.16342489513721,3.0189854735911013,1920.612001953125
2025-05-05 03:45:00+00:00,1948.4000244140625,1949.9000244140625,1936.4000244140625,1937.5,0.0,63.898650530945716,4.583310045432199,1920.452001953125
2025-05-05 04:45:00+00:00,1940.5,1952.0,1938.0,1948.800048828125,1446816.0,58.498437889542274,5.12648763369657,1920.5140014648437
2025-05-05 05:45:00+00:00,1938.699951171875,1942.9000244140625,1937.5,1940.5,745817.0,57.30996346002005,5.3500389700227515,1920.7080004882812
2025-05-05 06:45:00+00:00,1935.300048828125,1938.9000244140625,1932.699951171875,1938.9000244140625,710667.0,55.0356188611779,5.1929996423432385,1920.8780004882813
2025-05-05 07:45:00+00:00,1941.9000244140625,1944.0,1934.9000244140625,1935.199951171875,614389.0,58.480240569627405,5.537277427884646,1921.21
2025-05-05 08:45:00+00:00,1936.4000244140625,1944.699951171875,1934.699951171875,1941.9000244140625,1268602.0,54.718311157098995,5.305161420227478,1921.3740014648438
2025-05-05 09:45:00+00:00,1935.800048828125,1939.9000244140625,1935.5,1936.5,478598.0,54.307899141559524,5.0149851689657226,1921.5740014648438
2025-05-06 03:45:00+00:00,1928.9000244140625,1939.9000244140625,1926.300048828125,1933.0999755859373,0.0,49.69181249345286,4.180058977038243,1921.7260009765625
2025-05-06 04:45:00+00:00,1931.300048828125,1931.5999755859373,1924.300048828125,1928.699951171875,915139.0,51.24415431832138,3.66973346394866,1922.0040014648437
2025-05-06 05:45:00+00:00,1930.0999755859373,1936.0,1929.0,1930.5999755859373,1284252.0,50.40660021492181,3.132353119969366,1922.24
2025-05-06 06:45:00+00:00,1933.0999755859373,1933.9000244140625,1929.4000244140625,1930.5999755859373,1206066.0,52.49680826839776,2.91494854141024,1922.4959985351563
2025-05-06 07:45:00+00:00,1933.9000244140625,1935.5,1931.4000244140625,1933.199951171875,744516.0,53.06493210038496,2.7752200910347256,1922.8039990234374
2025-05-06 08:45:00+00:00,1932.4000244140625,1938.800048828125,1930.0999755859373,1934.300048828125,2410253.0,51.813738273641356,2.5144616744610175,1923.0280004882814
2025-05-06 09:45:00+00:00,1929.0,1932.5999755859373,1928.5999755859373,1932.5999755859373,674354.0,48.99383706607657,2.010281917055181,1923.2619995117188
2025-05-07 03:45:00+00:00,1934.0999755859373,1944.0,1923.199951171875,1925.5999755859373,0.0,53.11564418204032,1.99919575025001,1923.607998046875
2025-05-07 04:45:00+00:00,1932.699951171875,1935.5,1931.0,1934.0999755859373,617730.0,51.87631597859313,1.856044290232603,1924.0419970703124
2025-05-07 05:45:00+00:00,1932.800048828125,1936.0,1932.0,1932.5999755859373,473033.0,51.96261705297438,1.7307220842762945,1924.6359985351562
2025-05-07 06:45:00+00:00,1932.5999755859373,1934.800048828125,1931.800048828125,1932.9000244140625,434349.0,51.76280351465784,1.596851583545913,1925.3459985351562
2025-05-07 07:45:00+00:00,1939.300048828125,1941.0,1932.0999755859373,1932.5999755859373,874018.0,57.6375625614354,2.0082483264127404,1925.9719995117186
2025-05-07 08:45:00+00:00,1947.0999755859373,1948.5999755859373,1936.0999755859373,1939.800048828125,3674391.0,63.248985349106235,2.9298980705762006,1926.6339990234376
2025-05-07 09:45:00+00:00,1944.300048828125,1948.199951171875,1943.0999755859373,1947.300048828125,1685028.0,60.167940454610715,3.395243193493343,1927.2760009765625
2025-05-08 03:45:00+00:00,1929.0,1952.5,1923.0999755859373,1952.300048828125,0.0,46.76269368897617,2.500620882498197,1927.6960009765626
2025-05-08 04:45:00+00:00,1935.9000244140625,1937.4000244140625,1928.5,1929.0999755859373,581540.0,51.96082991812234,2.3216381603901937,1927.8840014648438
2025-05-08 05:45:00+00:00,1935.5999755859373,1936.5,1931.5999755859373,1935.699951171875,848224.0,51.724318369876976,2.1310165979721205,1928.1440014648438
2025-05-08 06:45:00+00:00,1941.0,1943.699951171875,1933.9000244140625,1935.5,1604957.0,55.63792023392585,2.3881553089033787,1928.5160009765625
2025-05-08 07:45:00+00:00,1936.0,1942.199951171875,1934.0,1941.0999755859373,1963454.0,51.47672492423219,2.1635414179361305,1928.7360009765625
2025-05-08 08:45:00+00:00,1933.4000244140625,1938.699951171875,1925.5999755859373,1935.800048828125,7284272.0,49.407425274719834,1.7555006712293562,1928.8780004882813
2025-05-08 09:45:00+00:00,1928.5,1933.5,1919.199951171875,1933.199951171875,2382178.0,45.680450037949576,1.024919783414589,1929.05
2025-05-09 03:45:00+00:00,1901.300048828125,1918.699951171875,1895.0999755859373,1906.199951171875,0.0,31.483346766946752,-1.7289493222695,1928.642001953125
2025-05-09 04:45:00+00:00,1895.300048828125,1905.9000244140625,1890.5999755859373,1900.800048828125,938095.0,29.318723906518557,-4.345468429887887,1928.3900024414063
2025-05-09 05:45:00+00:00,1891.0999755859373,1902.5999755859373,1890.0,1895.300048828125,885707.0,27.873980767510957,-6.680975357684929,1928.1080029296875
2025-05-09 06:45:00+00:00,1889.9000244140625,1891.9000244140625,1888.0,1891.0999755859373,710678.0,27.457686044653514,-8.530374607046724,1927.85400390625
2025-05-09 07:45:00+00:00,1892.0999755859373,1896.4000244140625,1888.0,1890.0,801914.0,29.535498960154882,-9.706627206288431,1927.5420043945312
2025-05-09 08:45:00+00:00,1887.5,1895.0,1887.4000244140625,1892.0,2190138.0,27.745956890919743,-10.884525418176054,1927.1880053710938
2025-05-09 09:45:00+00:00,1894.9000244140625,1895.0,1886.9000244140625,1887.5,1024562.0,34.609874766702944,-11.093024629009506,1926.886005859375
2025-05-12 03:45:00+00:00,1951.9000244140625,1954.4000244140625,1915.0,1915.0,0.0,63.42871619927875,-6.582953929474343,1927.7480053710938
2025-05-12 04:45:00+00:00,1954.9000244140625,1957.0,1950.5,1951.800048828125,1253812.0,64.32000853609462,-2.7350870973091332,1928.2480053710938
2025-05-12 05:45:00+00:00,1950.0999755859373,1959.800048828125,1950.0,1955.0,887689.0,61.72780049980743,-0.07211741056516985,1928.7680053710938
2025-05-12 06:45:00+00:00,1951.0999755859373,1959.0,1950.0,1950.5,748482.0,62.07075537519312,2.0948487817338446,1929.3520043945311
2025-05-12 07:45:00+00:00,1954.9000244140625,1955.0,1950.4000244140625,1951.0,561533.0,63.41247106568534,4.07187919467583,1929.9200048828125
2025-05-12 08:45:00+00:00,1954.5999755859373,1957.9000244140625,1951.4000244140625,1955.0,1288750.0,63.22230017584519,5.550495945652983,1930.5320043945312
2025-05-12 09:45:00+00:00,1956.199951171875,1959.9000244140625,1954.300048828125,1954.5999755859373,812990.0,63.844950792671334,6.773336228109656,1931.0760034179686
2025-05-13 03:45:00+00:00,1935.4000244140625,1961.5,1930.0,1951.300048828125,0.0,51.611716461372055,5.994959543050982,1931.28400390625
2025-05-13 04:45:00+00:00,1934.800048828125,1944.9000244140625,1928.0999755859373,1935.5,1116397.0,51.306335336947335,5.2689403323115584,1931.2280053710938
2025-05-13 05:45:00+00:00,1935.4000244140625,1943.9000244140625,1931.300048828125,1935.0,883623.0,51.61464878504224,4.687938258589611,1931.2820068359374
2025-05-13 06:45:00+00:00,1925.699951171875,1937.0,1923.300048828125,1935.4000244140625,1955765.0,46.489558208498984,3.405518389389954,1931.2680053710938
2025-05-13 07:45:00+00:00,1924.699951171875,1926.0,1922.0,1925.699951171875,1175594.0,45.98264663951932,2.2821920714768567,1931.2220043945313
2025-05-13 08:45:00+00:00,1921.4000244140625,1926.4000244140625,1920.199951171875,1924.699951171875,3102094.0,44.26731176516609,1.1128431970303154,1931.0180053710938
2025-05-13 09:45:00+00:00,1922.5999755859373,1925.0,1920.699951171875,1921.4000244140625,1231502.0,45.069747944560824,0.27972729831685683,1930.936005859375
2025-05-14 03:45:00+00:00,1924.800048828125,1929.5999755859373,1914.0,1924.800048828125,0.0,46.588182622573626,-0.2006821904528806,1930.9720068359375
2025-05-14 04:45:00+00:00,1923.699951171875,1924.4000244140625,1918.800048828125,1924.4000244140625,804795.0,45.90486593203459,-0.6625414925183577,1930.4780053710938
2025-05-14 05:45:00+00:00,1917.699951171875,1924.4000244140625,1915.5,1923.699951171875,501041.0,42.26386982960382,-1.4954792192929744,1930.0220043945312
2025-05-14 06:45:00+00:00,1908.5,1918.199951171875,1903.199951171875,1917.800048828125,1072131.0,37.36949052773295,-2.8649224979205883,1929.4180053710938
2025-05-14 07:45:00+00:00,1908.800048828125,1910.0,1904.199951171875,1908.5,698012.0,37.62320341422385,-3.8812639350812788,1928.8880053710936
2025-05-14 08:45:00+00:00,1910.800048828125,1911.800048828125,1904.199951171875,1908.800048828125,1826390.0,39.38580307220734,-4.473767751260539,1928.266005859375
2025-05-14 09:45:00+00:00,1910.5999755859373,1915.0,1908.4000244140625,1910.9000244140625,717615.0,39.26626838693283,-4.902957293213376,1927.7500048828124
2025-05-15 03:45:00+00:00,1901.4000244140625,1914.5999755859373,1897.0999755859373,1913.5,0.0,34.13591807574102,-5.917241987448961,1927.0620043945312
2025-05-15 04:45:00+00:00,1905.5,1921.199951171875,1897.699951171875,1901.9000244140625,1638567.0,38.0222814709504,-6.317412946305694,1926.59400390625
2025-05-15 05:45:00+00:00,1908.0,1912.0999755859373,1903.699951171875,1905.5,990786.0,40.33415453365131,-6.359513692460496,1926.1280029296875
2025-05-15 06:45:00+00:00,1927.800048828125,1927.9000244140625,1906.800048828125,1908.199951171875,1805761.0,54.7353489162446,-4.740534442418721,1926.0820043945312
2025-05-15 07:45:00+00:00,1943.0,1944.800048828125,1924.0999755859373,1928.0,4018376.0,62.26504091501574,-2.205548504117587,1926.2800048828126
2025-05-15 08:45:00+00:00,1933.199951171875,1943.4000244140625,1929.5999755859373,1942.800048828125,3588986.0,55.81796526909169,-0.9760842310070075,1926.2660034179687
2025-05-15 09:45:00+00:00,1933.800048828125,1936.300048828125,1931.300048828125,1933.199951171875,890216.0,56.117596630635504,0.04616575874933915,1926.29400390625
2025-05-16 03:45:00+00:00,1934.5999755859373,1941.800048828125,1929.300048828125,1938.0,0.0,56.54069109962099,0.910359586004688,1926.4060034179688
2025-05-16 04:45:00+00:00,1933.0,1937.4000244140625,1932.0,1934.5999755859373,1024196.0,55.3903442125139,1.4494266735973724,1926.38400390625
2025-05-16 05:45:00+00:00,1933.9000244140625,1936.5,1932.0,1933.0999755859373,517353.0,55.93347217042454,1.9270518188602637,1926.4080053710939
2025-05-16 06:45:00+00:00,1931.5999755859373,1936.0,1930.300048828125,1933.4000244140625,949939.0,54.12004998429209,2.09581917066771,1926.3840039062497
2025-05-16 07:45:00+00:00,1935.0,1936.0,1928.4000244140625,1931.699951171875,1971737.0,56.371819371395006,2.47538734348268,1926.4320043945308
2025-05-16 08:45:00+00:00,1934.9000244140625,1936.9000244140625,1933.0,1935.0,1175041.0,56.28434412184412,2.736585012269188,1926.3440039062498
2025-05-16 09:45:00+00:00,1934.699951171875,1935.5,1932.300048828125,1934.800048828125,574461.0,56.09674080895035,2.8940806478415197,1926.0960034179684
2025-05-19 03:45:00+00:00,1936.800048828125,1943.0,1932.0999755859373,1935.0999755859373,0.0,57.69086518195054,3.152022846035379,1925.9460034179685
2025-05-19 04:45:00+00:00,1941.4000244140625,1945.0,1936.699951171875,1936.800048828125,479074.0,61.02874398156135,3.6851434429738674,1926.1940039062497
2025-05-19 05:45:00+00:00,1940.0,1942.800048828125,1935.5,1941.4000244140625,615645.0,59.490418587947424,3.9491517244337047,1926.2760034179685
2025-05-19 06:45:00+00:00,1937.0999755859373,1942.9000244140625,1936.0999755859373,1939.5,706934.0,56.32338096825598,3.879650262638961,1926.3060034179684
2025-05-19 07:45:00+00:00,1933.300048828125,1939.9000244140625,1931.5,1937.0,678438.0,52.3879200101063,3.477856951348258,1926.1520043945309
2025-05-19 08:45:00+00:00,1937.9000244140625,1940.699951171875,1932.4000244140625,1933.199951171875,1274277.0,56.3628396866309,3.4903775439297533,1926.1900048828122
2025-05-19 09:45:00+00:00,1938.0,1940.5,1937.0,1938.0,654828.0,56.447942319438155,3.468386003161413,1926.282004394531
2025-05-20 03:45:00+00:00,1917.4000244140625,1934.5999755859373,1915.5999755859373,1934.4000244140625,0.0,39.39813131769593,1.7683275013662296,1926.060004882812
2025-05-20 04:45:00+00:00,1920.0999755859373,1924.0,1916.5,1917.300048828125,577510.0,41.87612339630305,0.631601674623198,1926.4360034179685
2025-05-20 05:45:00+00:00,1917.300048828125,1920.4000244140625,1916.0,1920.4000244140625,491259.0,40.04733699254133,-0.4895492036430369,1926.8760034179684
2025-05-20 06:45:00+00:00,1914.300048828125,1920.0,1913.699951171875,1917.800048828125,1168129.0,38.12611169557586,-1.6016810973997053,1927.3400048828123
2025-05-20 07:45:00+00:00,1918.4000244140625,1918.800048828125,1913.0,1914.300048828125,1271530.0,42.206735687020945,-2.1276931486454487,1927.9100048828122
2025-05-20 08:45:00+00:00,1914.800048828125,1918.9000244140625,1913.300048828125,1918.300048828125,3984416.0,39.729135351232536,-2.8027411768625825,1928.364006347656
2025-05-20 09:45:00+00:00,1917.699951171875,1918.0,1914.0999755859373,1914.800048828125,1580467.0,42.649615901415075,-3.068353648165612,1928.9680053710936
2025-05-21 03:45:00+00:00,1941.800048828125,1942.0,1924.199951171875,1925.0,0.0,59.9977126176532,-1.318972681330024,1929.9060058593748
2025-05-21 04:45:00+00:00,1938.0,1946.699951171875,1936.0999755859373,1941.699951171875,1008420.0,57.066471255231676,-0.23648182828833342,1929.6280053710934
2025-05-21 05:45:00+00:00,1925.0,1938.699951171875,1924.0,1938.0999755859373,686666.0,48.36170100207351,-0.4227185465229013,1929.0300048828121
2025-05-21 06:45:00+00:00,1927.9000244140625,1929.800048828125,1921.0999755859373,1925.0,885253.0,50.18711337276211,-0.3324722209806623,1928.5860058593746
2025-05-21 07:45:00+00:00,1926.4000244140625,1931.0,1922.0,1928.0,524146.0,49.21797215162999,-0.37763567280967436,1928.0920068359371
2025-05-21 08:45:00+00:00,1924.9000244140625,1930.0,1924.800048828125,1926.4000244140625,1695076.0,48.21528766708768,-0.5283747228431821,1927.4920068359372
2025-05-21 09:45:00+00:00,1926.800048828125,1927.699951171875,1923.5999755859373,1925.0,786820.0,49.615488201491864,-0.48888485467841747,1926.936008300781
2025-05-22 03:45:00+00:00,1913.0,1922.5,1905.199951171875,1919.699951171875,0.0,40.95402298341086,-1.5532327578787317,1926.0720092773436
2025-05-22 04:45:00+00:00,1917.699951171875,1920.4000244140625,1909.300048828125,1912.9000244140625,959280.0,44.50713308461072,-1.9944980272125576,1925.7180078124998
2025-05-22 05:45:00+00:00,1914.4000244140625,1919.5999755859373,1909.0,1918.0,856528.0,42.5701783999566,-2.580731378143355,1925.3100073242185
2025-05-22 06:45:00+00:00,1912.4000244140625,1915.0,1910.0999755859373,1914.0999755859373,1117972.0,41.39435700193127,-3.1701651274120195,1924.8500073242185
2025-05-22 07:45:00+00:00,1911.5999755859373,1914.800048828125,1909.699951171875,1912.4000244140625,781941.0,40.90760125879606,-3.6596665169467997,1924.5680078124997
2025-05-22 08:45:00+00:00,1918.300048828125,1924.199951171875,1909.699951171875,1911.5999755859373,3438053.0,46.57356604497264,-3.466994623137907,1924.4400097656246
2025-05-22 09:45:00+00:00,1921.199951171875,1924.0,1917.199951171875,1918.199951171875,1110124.0,48.85915766192715,-3.0451997088500775,1924.436008300781
2025-05-23 03:45:00+00:00,1930.9000244140625,1933.0,1914.9000244140625,1923.199951171875,0.0,55.68790513616429,-1.9062354608565784,1924.6020092773435
2025-05-23 04:45:00+00:00,1932.699951171875,1934.0,1923.199951171875,1931.0999755859373,733281.0,56.83956309007794,-0.848577172365367,1924.7600073242183
2025-05-23 05:45:00+00:00,1927.699951171875,1937.0,1924.9000244140625,1932.699951171875,692153.0,52.73909219263858,-0.40911751987368916,1924.8400073242185
2025-05-23 06:45:00+00:00,1932.9000244140625,1935.800048828125,1927.0,1928.300048828125,617467.0,56.27225932265068,0.35467144108361026,1925.1440087890621
2025-05-23 07:45:00+00:00,1932.0,1934.5,1930.0,1932.5,438881.0,55.498909334200135,0.8772429365399148,1925.6140087890622
2025-05-23 08:45:00+00:00,1933.5999755859373,1934.4000244140625,1928.5999755859373,1932.0,983747.0,56.639730199644795,1.404301357937129,1926.1100073242185
2025-05-23 09:45:00+00:00,1932.199951171875,1935.0,1932.0999755859373,1933.5999755859373,424382.0,55.30372508030642,1.6895525740590074,1926.5380053710935
2025-05-26 03:45:00+00:00,1944.300048828125,1949.9000244140625,1937.0,1938.9000244140625,0.0,63.350060886406666,2.85903578919374,1927.2120068359372
2025-05-26 04:45:00+00:00,1934.300048828125,1944.9000244140625,1927.0999755859373,1944.300048828125,663001.0,54.60166343365238,2.944995165277305,1927.8700073242185
2025-05-26 05:45:00+00:00,1939.199951171875,1939.699951171875,1932.800048828125,1934.0999755859373,569802.0,57.68517860026608,3.3696564569777365,1928.544006347656
2025-05-26 06:45:00+00:00,1937.5,1942.699951171875,1934.800048828125,1939.4000244140625,444787.0,56.25753259261151,3.528359011328803,1929.134006347656
2025-05-26 07:45:00+00:00,1937.300048828125,1938.300048828125,1934.0999755859373,1936.9000244140625,514279.0,56.08172006859044,3.5965388791030364,1929.324006347656
2025-05-26 08:45:00+00:00,1940.4000244140625,1940.5,1933.5,1937.4000244140625,1033088.0,58.259651498479194,3.8562614561051305,1929.2720068359372
2025-05-26 09:45:00+00:00,1940.199951171875,1942.5,1939.300048828125,1940.0999755859373,502179.0,58.05953272348702,3.999841547472215,1929.4120068359373
2025-05-27 03:45:00+00:00,1922.699951171875,1934.699951171875,1921.199951171875,1934.699951171875,0.0,43.86621713386664,2.670739436178792,1929.1900048828122
2025-05-27 04:45:00+00:00,1929.9000244140625,1936.0,1918.300048828125,1922.4000244140625,1407287.0,49.352200124108876,2.173349158204246,1929.096005859375
2025-05-27 05:45:00+00:00,1940.0,1948.0,1929.9000244140625,1929.9000244140625,1045410.0,55.86779229625126,2.564584466837914,1929.236005859375
2025-05-27 06:45:00+00:00,1929.0999755859373,1940.9000244140625,1924.199951171875,1940.300048828125,1751304.0,48.60118054205604,1.972364205906615,1929.1400048828125
2025-05-27 07:45:00+00:00,1921.5,1935.0,1919.699951171875,1929.0999755859373,1173657.0,44.27687095323546,0.8796310293087117,1928.9380053710938
2025-05-27 08:45:00+00:00,1928.0,1928.0,1916.300048828125,1921.699951171875,3905268.0,48.497562250051026,0.5319952809277311,1928.7980053710937
2025-05-27 09:45:00+00:00,1926.300048828125,1930.800048828125,1924.0999755859373,1928.4000244140625,1642444.0,47.48456485238844,0.11795982582543729,1928.626005859375
2025-05-28 03:45:00+00:00,1921.800048828125,1934.5,1918.5,1929.5999755859373,0.0,44.815973901394436,-0.5667455572413473,1928.3680078125
2025-05-28 04:45:00+00:00,1918.800048828125,1923.199951171875,1917.699951171875,1921.300048828125,824737.0,43.07786439206565,-1.3360532441770374,1928.0080078125
2025-05-28 05:45:00+00:00,1919.5,1924.800048828125,1918.199951171875,1918.699951171875,1206608.0,43.627209177585996,-1.867724948217301,1927.5700073242188
2025-05-28 06:45:00+00:00,1921.9000244140625,1926.0999755859373,1919.0,1919.5,872774.0,45.56701634178528,-2.071537299284273,1927.2080078125
2025-05-28 07:45:00+00:00,1921.9000244140625,1924.300048828125,1920.0,1921.699951171875,1208254.0,45.567016341785276,-2.2076120780482142,1926.9040087890626
2025-05-28 08:45:00+00:00,1922.199951171875,1925.300048828125,1919.800048828125,1921.800048828125,1594462.0,45.837138087141724,-2.2651396183025554,1926.6820068359375
2025-05-28 09:45:00+00:00,1923.5,1928.5999755859373,1922.0,1922.199951171875,733856.0,47.06339819611695,-2.1806898972461113,1926.3940063476562
2025-05-29 03:45:00+00:00,1922.0,1940.4000244140625,1920.0,1929.5999755859373,0.0,45.775647564180936,-2.209332538615172,1926.0740063476562
2025-05-29 04:45:00+00:00,1913.5,1923.699951171875,1913.4000244140625,1922.199951171875,1320014.0,39.22578117504342,-2.8846584537773197,1925.996005859375
2025-05-29 05:45:00+00:00,1909.4000244140625,1914.4000244140625,1908.0,1913.5,772071.0,36.51196644116479,-3.707949933152804,1925.7820068359374
2025-05-29 06:45:00+00:00,1914.300048828125,1915.5999755859373,1907.4000244140625,1909.4000244140625,1709416.0,41.70302876837705,-3.919837891847692,1925.7220068359375
2025-05-29 07:45:00+00:00,1912.199951171875,1917.0,1912.0999755859373,1914.300048828125,1580045.0,40.18643327980089,-4.208705616772704,1925.6800048828125
2025-05-29 08:45:00+00:00,1930.0999755859373,1930.5,1911.0999755859373,1912.300048828125,4614710.0,55.15589901291965,-2.9591418512272867,1925.91400390625
2025-05-29 09:45:00+00:00,1927.5,1939.0999755859373,1927.5,1930.0999755859373,2495581.0,53.0780136133288,-2.153821946601738,1926.1680029296874
2025-05-30 03:45:00+00:00,1935.5,1937.0,1925.9000244140625,1933.800048828125,0.0,58.285435222868806,-0.8601516857513616,1926.52400390625
2025-05-30 04:45:00+00:00,1930.5999755859373,1935.4000244140625,1926.300048828125,1935.199951171875,1439269.0,54.309706461970514,-0.22767520460274682,1926.3000024414061
2025-05-30 05:45:00+00:00,1930.5,1934.0,1930.0999755859373,1930.5999755859373,1112821.0,54.228430122891346,0.262474130804776,1926.1500024414063
2025-05-30 06:45:00+00:00,1932.9000244140625,1934.300048828125,1929.800048828125,1930.5999755859373,543102.0,55.93334669258325,0.8349580462111135,1926.3080029296875
2025-05-30 07:45:00+00:00,1938.699951171875,1943.800048828125,1931.0999755859373,1933.0,1725658.0,59.82761992482201,1.7366423589478472,1926.5240014648436
2025-05-30 08:45:00+00:00,1945.0999755859373,1948.5999755859373,1938.4000244140625,1938.699951171875,5098682.0,63.645468567577424,2.9338426443057415,1926.8980004882812
2025-05-30 09:45:00+00:00,1941.4000244140625,1945.0999755859373,1939.5999755859373,1945.0999755859373,2887900.0,60.09003439683348,3.5432331716094723,1927.2280004882812
2025-06-02 03:45:00+00:00,1918.199951171875,1933.9000244140625,1908.199951171875,1933.9000244140625,0.0,43.63116470647811,2.1295790734354796,1927.0559985351563
2025-06-02 04:45:00+00:00,1918.800048828125,1923.0,1916.699951171875,1918.5,604308.0,44.05799266380039,1.04561765202061,1927.1719995117187
2025-06-02 05:45:00+00:00,1924.4000244140625,1925.9000244140625,1917.0,1918.5,911500.0,48.01393225791431,0.6311659566049457,1927.3060009765625
2025-06-02 06:45:00+00:00,1928.800048828125,1931.9000244140625,1923.5999755859373,1924.5,751469.0,50.94896797628002,0.6502594139494704,1927.5940014648438
2025-06-02 07:45:00+00:00,1928.0,1932.0,1927.0,1928.9000244140625,403726.0,50.391868214716354,0.5939867527713432,1927.9060009765626
2025-06-02 08:45:00+00:00,1932.0999755859373,1936.0,1925.0999755859373,1928.300048828125,1496059.0,53.21513808760469,0.8701929851681598,1928.3160009765625
2025-06-02 09:45:00+00:00,1931.0,1933.5999755859373,1928.9000244140625,1932.199951171875,719320.0,52.35426711351917,0.9889298101315944,1928.57
2025-06-03 03:45:00+00:00,1941.699951171875,1944.9000244140625,1931.4000244140625,1938.0,0.0,59.258607218072754,1.9242447401511527,1928.98
2025-06-03 04:45:00+00:00,1936.9000244140625,1951.9000244140625,1936.4000244140625,1941.5999755859373,1920914.0,55.38156202397432,2.252212482532741,1929.1
2025-06-03 05:45:00+00:00,1934.800048828125,1943.0999755859373,1934.199951171875,1936.699951171875,1317454.0,53.72543485595566,2.3159816073718957,1929.142001953125
2025-06-03 06:45:00+00:00,1926.5,1937.199951171875,1924.0999755859373,1934.5999755859373,1414314.0,47.65911210157196,1.6774380623971865,1929.1180029296875
2025-06-03 07:45:00+00:00,1929.5999755859373,1932.699951171875,1924.4000244140625,1926.300048828125,1819226.0,49.932951931144295,1.4053300546722767,1929.052001953125
2025-06-03 08:45:00+00:00,1924.199951171875,1932.0999755859373,1923.0,1929.699951171875,2555235.0,46.170223348102134,0.7453536844820974,1928.8960009765624
2025-06-03 09:45:00+00:00,1923.5,1926.4000244140625,1920.199951171875,1924.199951171875,827105.0,45.68961659397623,0.16394756096997298,1928.6940014648437
2025-06-04 03:45:00+00:00,1928.4000244140625,1934.5999755859373,1922.800048828125,1922.800048828125,1738400.0,49.64159904985897,0.09744673300428985,1928.6180029296875
2025-06-04 04:45:00+00:00,1936.0,1937.800048828125,1927.4000244140625,1928.4000244140625,860031.0,55.09901038747918,0.6505002993396829,1928.452001953125
2025-06-04 05:45:00+00:00,1940.0,1940.5,1935.9000244140625,1936.0,562362.0,57.69745650574303,1.3954795857923727,1928.5660009765625
2025-06-04 06:45:00+00:00,1938.5999755859373,1941.0,1938.300048828125,1940.0999755859373,380493.0,56.465761186697875,1.8515670554152166,1928.5540014648439
2025-06-04 07:45:00+00:00,1940.0,1942.0,1937.300048828125,1939.0,441911.0,57.444103968300894,2.2994829229885454,1928.6040014648438
2025-06-04 08:45:00+00:00,1941.4000244140625,1943.199951171875,1936.4000244140625,1940.0,1804140.0,58.4496895690426,2.735892083913086,1928.6860009765626
2025-06-04 09:45:00+00:00,1941.199951171875,1941.5,1939.199951171875,1941.300048828125,693201.0,58.237900713937435,3.030669577181925,1928.7019995117187
2025-06-05 03:45:00+00:00,1954.9000244140625,1958.9000244140625,1940.199951171875,1946.9000244140625,0.0,67.04384595124547,4.319966395191614,1928.9960009765625
2025-06-05 04:45:00+00:00,1949.5999755859373,1956.4000244140625,1949.0,1955.0,929479.0,61.62975250251487,4.858072925631632,1929.5340014648436
2025-06-05 05:45:00+00:00,1955.300048828125,1955.800048828125,1946.699951171875,1949.9000244140625,983624.0,64.91158096795336,5.679010404120845,1930.042001953125
2025-06-05 06:45:00+00:00,1950.9000244140625,1957.9000244140625,1949.300048828125,1955.4000244140625,931679.0,60.60262508857179,5.906477872423466,1930.2600024414062
2025-06-05 07:45:00+00:00,1947.800048828125,1951.0999755859373,1945.0,1949.5999755859373,914762.0,57.696672666636765,5.770091336490168,1930.63400390625
2025-06-05 08:45:00+00:00,1949.0,1950.699951171875,1945.199951171875,1947.699951171875,2880954.0,58.52569487582946,5.693202362372631,1931.18400390625
2025-06-05 09:45:00+00:00,1949.5999755859373,1955.0999755859373,1948.699951171875,1949.0,0.0,58.958773409014555,5.615943214436811,1931.6160034179688
2025-06-06 03:45:00+00:00,1946.800048828125,1958.5999755859373,1943.0999755859373,1945.0,1894652.0,56.018956206003075,5.2680572094254785,1932.0260034179687
2025-06-06 04:45:00+00:00,1995.0,1995.0,1945.4000244140625,1946.699951171875,4194216.0,77.14549413612609,8.780472458988925,1933.4900024414062
2025-06-06 05:45:00+00:00,1987.4000244140625,1996.199951171875,1987.0999755859373,1994.5999755859373,2405280.0,71.32753954817237,10.826036525620566,1934.862001953125
2025-06-06 06:45:00+00:00,1978.199951171875,1987.800048828125,1975.300048828125,1987.0,1148808.0,64.94264798939665,11.571403823170385,1936.0360009765625
2025-06-06 07:45:00+00:00,1987.300048828125,1988.699951171875,1977.800048828125,1978.300048828125,1659691.0,67.9944799837934,12.749446916926672,1937.3440014648438
2025-06-06 08:45:00+00:00,1978.300048828125,1989.9000244140625,1977.0999755859373,1987.300048828125,2514608.0,62.22511079612326,12.809173592469051,1938.472001953125
2025-06-06 09:45:00+00:00,1979.0,1980.0,1976.0999755859373,1978.199951171875,1245591.0,62.49166917034954,12.76583106886983,1939.6080029296875
2025-06-09 03:45:00+00:00,1983.199951171875,1991.9000244140625,1977.800048828125,1989.5,0.0,64.12740478088257,12.921432534816404,1940.802001953125
2025-06-09 04:45:00+00:00,1981.0,1984.5,1979.0,1983.199951171875,586665.0,62.587733257981455,12.720595042462037,1941.982001953125
2025-06-09 05:45:00+00:00,1978.9000244140625,1982.0,1978.0999755859373,1980.800048828125,629103.0,61.08018696219428,12.250760264759265,1943.2900024414062
2025-06-09 06:45:00+00:00,1979.0,1982.5999755859373,1978.300048828125,1978.9000244140625,535864.0,61.128191310630456,11.751021551024223,1944.682001953125
2025-06-09 07:45:00+00:00,1978.5,1981.0,1977.300048828125,1979.0,663680.0,60.7247906640687,11.185687555351251,1945.9660009765626
2025-06-09 08:45:00+00:00,1978.9000244140625,1980.4000244140625,1976.300048828125,1978.4000244140625,1041801.0,60.94684148599667,10.647200616782357,1947.3000024414061
2025-06-09 09:45:00+00:00,1980.0,1980.699951171875,1978.0999755859373,1978.800048828125,408884.0,61.58991464121852,10.191720861319709,1948.2980029296875
2025-06-10 03:45:00+00:00,1973.699951171875,1980.800048828125,1963.0,1980.800048828125,1688837.0,55.91121736744955,9.216150538285547,1949.222001953125
2025-06-10 04:45:00+00:00,1967.9000244140625,1974.0,1966.0999755859373,1973.699951171875,566525.0,51.22834107838168,7.8841152385525675,1949.8700024414063
2025-06-10 05:45:00+00:00,1964.699951171875,1968.699951171875,1961.0999755859373,1967.9000244140625,722159.0,48.79975516241335,6.495373873418657,1950.552001953125
2025-06-10 06:45:00+00:00,1968.0,1970.0,1963.0999755859373,1964.699951171875,619793.0,51.36056221294151,5.596559048011159,1951.302001953125
2025-06-10 07:45:00+00:00,1967.300048828125,1969.0,1963.699951171875,1968.0,716042.0,50.780421713054764,4.772744387066268,1951.9900024414062
2025-06-10 08:45:00+00:00,1965.199951171875,1970.0999755859373,1964.9000244140625,1967.4000244140625,2522698.0,48.99233735534756,3.9053861429551944,1952.5200024414062
2025-06-10 09:45:00+00:00,1962.800048828125,1965.199951171875,1962.0999755859373,1965.0,929606.0,46.957474271511536,2.989880936894224,1952.87400390625
2025-06-11 03:45:00+00:00,1958.4000244140625,1965.300048828125,1953.4000244140625,1965.300048828125,1271801.0,43.39847649241896,1.8875329625122959,1953.21400390625
2025-06-11 04:45:00+00:00,1961.300048828125,1962.9000244140625,1956.199951171875,1958.4000244140625,649618.0,46.287995775321185,1.2337006513687356,1954.076005859375
2025-06-11 05:45:00+00:00,1961.5,1965.0,1961.0,1961.0,418726.0,46.49082601601724,0.723330123284768,1954.9300048828125
2025-06-11 06:45:00+00:00,1960.0999755859373,1963.4000244140625,1959.0,1961.5,406100.0,45.203669447968714,0.20354123636207078,1955.64400390625
2025-06-11 07:45:00+00:00,1954.199951171875,1961.0,1953.300048828125,1960.0999755859373,581494.0,40.15779070747015,-0.6766775455268998,1956.152001953125
2025-06-11 08:45:00+00:00,1950.0999755859373,1955.300048828125,1950.0999755859373,1954.300048828125,1436405.0,37.06178602571547,-1.6856597997823428,1956.5940014648438
2025-06-11 09:45:00+00:00,1947.699951171875,1950.5999755859373,1947.0,1950.0,780213.0,35.3440094217284,-2.6484181026735314,1956.9060009765626
2025-06-12 03:45:00+00:00,1950.5999755859373,1960.9000244140625,1946.5,1946.5,1282765.0,39.021788989430064,-3.141193536549963,1957.2980004882813
2025-06-12 04:45:00+00:00,1945.4000244140625,1952.5999755859373,1944.199951171875,1950.5999755859373,887978.0,35.159843383056256,-3.906284998038018,1957.372001953125
2025-06-12 05:45:00+00:00,1946.4000244140625,1949.0999755859373,1943.5999755859373,1945.5999755859373,792202.0,36.462160761101465,-4.381427482132494,1957.562001953125
2025-06-12 06:45:00+00:00,1944.9000244140625,1949.0,1943.699951171875,1946.300048828125,676094.0,35.31632025824831,-4.823417434261728,1957.7640014648437
2025-06-12 07:45:00+00:00,1936.9000244140625,1947.300048828125,1935.4000244140625,1944.800048828125,1395820.0,29.916535194501364,-5.752914776422585,1957.972001953125
2025-06-12 08:45:00+00:00,1941.4000244140625,1946.9000244140625,1936.5999755859373,1936.800048828125,2486855.0,35.85746419541081,-6.056618793484176,1958.2080029296876
2025-06-12 09:45:00+00:00,1943.4000244140625,1943.4000244140625,1939.800048828125,1941.300048828125,0.0,38.35846819091229,-6.065998079860265,1958.5920043945312
2025-06-13 03:45:00+00:00,1917.199951171875,1932.4000244140625,1914.800048828125,1921.0,1866371.0,24.746129735362047,-8.094252673066194,1958.4660034179688
2025-06-13 04:45:00+00:00,1918.0,1922.5999755859373,1915.300048828125,1917.199951171875,648229.0,25.61421049658395,-9.527277274923108,1958.2580029296876
2025-06-13 05:45:00+00:00,1919.699951171875,1922.0,1916.9000244140625,1918.0,348246.0,27.527193055183744,-10.40583574671382,1957.932001953125
2025-06-13 06:45:00+00:00,1920.800048828125,1922.0,1917.0,1919.699951171875,419149.0,28.803222933795837,-10.887822932983227,1957.5480029296875
2025-06-13 07:45:00+00:00,1921.0,1925.0,1918.4000244140625,1920.699951171875,603965.0,29.047751343250084,-11.12541994631556,1957.1960034179688
2025-06-13 08:45:00+00:00,1917.0,1922.4000244140625,1913.0,1921.199951171875,1366844.0,27.046503666543245,-11.503874359082374,1956.7360034179687
2025-06-13 09:45:00+00:00,1919.5,1920.0,1916.300048828125,1917.0999755859373,805557.0,30.279559079015726,-11.469855743909875,1956.2980029296875
2025-06-16 03:45:00+00:00,1927.9000244140625,1931.0,1921.4000244140625,1921.9000244140625,0.0,39.91474634037,-10.64240495832064,1956.0320043945312
2025-06-16 04:45:00+00:00,1934.5,1937.699951171875,1927.699951171875,1928.0,1100262.0,46.20526261774222,-9.346342558672632,1955.62400390625
2025-06-16 05:45:00+00:00,1933.4000244140625,1935.5999755859373,1931.5999755859373,1934.800048828125,918153.0,45.35304551094303,-8.312145368553956,1955.3000048828126
2025-06-16 06:45:00+00:00,1938.4000244140625,1938.9000244140625,1930.0,1933.4000244140625,852424.0,49.878426451160166,-7.008291212551285,1954.9620043945313
2025-06-16 07:45:00+00:00,1934.800048828125,1938.800048828125,1932.5999755859373,1938.300048828125,1390314.0,46.868965046049574,-6.194064029233232,1954.6400048828125
2025-06-16 08:45:00+00:00,1936.5,1937.0,1932.300048828125,1934.800048828125,1486847.0,48.450652894981246,-5.349940484099534,1954.41400390625
2025-06-16 09:45:00+00:00,1936.9000244140625,1938.4000244140625,1934.0,1936.5999755859373,1407543.0,48.83663426459237,-4.59571136603131,1954.1720043945313
2025-06-17 03:45:00+00:00,1922.0,1941.5999755859373,1919.199951171875,1936.9000244140625,1424929.0,37.556516325416375,-5.141024273897301,1953.6200048828125
2025-06-17 04:45:00+00:00,1923.0,1926.800048828125,1920.199951171875,1921.9000244140625,614882.0,38.58184333103757,-5.429904480642335,1953.14400390625
2025-06-17 05:45:00+00:00,1921.300048828125,1924.0,1920.5,1923.0,751844.0,37.45589973144262,-5.729964514103358,1951.6700048828125
2025-06-17 06:45:00+00:00,1923.5,1926.300048828125,1920.5999755859373,1921.300048828125,977472.0,39.90027253931897,-5.72426086262999,1950.3920043945313
2025-06-17 07:45:00+00:00,1925.0,1926.0,1923.300048828125,1923.5999755859373,303292.0,41.576870043455884,-5.534900328140793,1949.3280053710937
